measure,seed,selection_rng_seed,alive,deaths,median_energy_after_selection,episodes_solved_during_life,held_out_attempted,adaptive_held_out_solved,adaptive_held_out_solved_per_mille,adaptive_held_out_median_nodes,frozen_held_out_solved,frozen_held_out_solved_per_mille,frozen_held_out_median_nodes,macros_median
minimal_criterion,0,21,6,3,198100,31,24,8,333,8993,8,333,8993,9
novelty,0,21,6,2,184114,22,24,6,250,15999,6,250,15999,9
objective,0,21,6,2,194672,0,24,2,83,7098,2,83,7098,0
quality_diversity,0,21,6,2,194672,22,24,8,333,9330,8,333,9330,3
minimal_criterion,1,998,6,0,200000,32,24,18,750,2818,18,750,2818,19
novelty,1,998,6,0,200000,24,24,15,625,3269,15,625,3269,3
objective,1,998,6,0,194672,0,24,3,125,2803,3,125,2803,0
quality_diversity,1,998,6,0,200000,16,24,9,375,2818,9,375,2818,0
minimal_criterion,2,1975,6,3,148270,29,24,24,1000,14759,24,1000,14759,0
novelty,2,1975,6,0,184049,0,24,0,0,0,0,0,0,0
objective,2,1975,6,0,194679,0,24,0,0,0,0,0,0,0
quality_diversity,2,1975,6,0,194679,0,24,0,0,0,0,0,0,0
minimal_criterion,3,2952,6,5,175032,23,24,12,500,12048,12,500,12048,4
novelty,3,2952,6,3,184046,16,24,8,333,12938,8,333,12938,4
objective,3,2952,6,0,194702,0,24,0,0,0,0,0,0,0
quality_diversity,3,2952,6,2,194702,7,24,4,166,9579,4,166,9579,0
minimal_criterion,4,3929,6,0,200000,48,24,20,833,24085,20,833,23014,10
novelty,4,3929,6,0,200000,40,24,16,666,23721,16,666,22671,9
objective,4,3929,6,0,200000,32,24,16,666,21169,16,666,20161,6
quality_diversity,4,3929,6,0,200000,32,24,16,666,19455,16,666,18447,3
minimal_criterion,5,4906,6,3,162164,43,24,24,1000,13121,24,1000,14489,11
novelty,5,4906,6,0,194679,6,24,12,500,14725,12,500,15156,0
objective,5,4906,6,1,194679,0,24,4,166,8335,4,166,8335,0
quality_diversity,5,4906,6,1,194679,15,24,8,333,14554,8,333,14554,0
minimal_criterion,6,5883,6,0,200000,39,24,20,833,2651,20,833,2703,8
novelty,6,5883,6,0,200000,39,24,20,833,2651,20,833,2703,8
objective,6,5883,6,0,194672,0,24,4,166,1839,4,166,1839,0
quality_diversity,6,5883,6,0,200000,8,24,12,500,2447,12,500,2447,0
minimal_criterion,7,6860,6,2,194698,7,24,8,333,7428,8,333,7288,0
novelty,7,6860,6,2,194698,0,24,0,0,0,0,0,0,0
objective,7,6860,6,0,194698,0,24,0,0,0,0,0,0,0
quality_diversity,7,6860,6,0,194698,0,24,0,0,0,0,0,0,0
minimal_criterion,8,7837,6,3,194672,0,24,3,125,1833,3,125,1833,0
novelty,8,7837,6,2,189351,0,24,3,125,1833,3,125,1833,0
objective,8,7837,6,1,194672,0,24,0,0,0,0,0,0,0
quality_diversity,8,7837,6,1,194672,0,24,0,0,0,0,0,0,0
minimal_criterion,9,8814,6,1,149126,41,24,20,833,15394,20,833,15394,2
novelty,9,8814,6,0,184016,29,24,16,666,9430,16,666,9430,6
objective,9,8814,6,0,194672,0,24,4,166,17122,4,166,17122,0
quality_diversity,9,8814,6,0,194672,14,24,8,333,9871,8,333,9871,0
minimal_criterion,10,9791,6,2,184802,21,24,20,833,2037,20,833,2128,8
novelty,10,9791,6,1,189377,7,24,12,500,1861,12,500,1861,0
objective,10,9791,6,0,194672,0,24,4,166,1381,4,166,1381,0
quality_diversity,10,9791,6,0,194672,7,24,8,333,1861,8,333,1948,0
minimal_criterion,11,10768,6,0,167885,56,24,18,750,8332,18,750,8332,6
novelty,11,10768,6,0,167885,56,24,18,750,8332,18,750,8332,5
objective,11,10768,6,0,194679,0,24,0,0,0,0,0,0,0
quality_diversity,11,10768,6,0,194679,0,24,0,0,0,0,0,0,0
minimal_criterion,12,11745,6,3,198651,18,24,6,250,2581,6,250,2581,8
novelty,12,11745,6,3,194159,23,24,12,500,2381,12,500,2480,5
objective,12,11745,6,1,194672,0,24,0,0,0,0,0,0,0
quality_diversity,12,11745,6,2,198244,31,24,15,625,2735,15,625,2735,4
minimal_criterion,13,12722,6,2,200000,30,24,24,1000,15648,24,1000,15691,3
novelty,13,12722,6,1,194679,14,24,6,250,2001,6,250,1964,0
objective,13,12722,6,0,194679,0,24,0,0,0,0,0,0,0
quality_diversity,13,12722,6,1,200000,16,24,16,666,2247,16,666,2247,3
minimal_criterion,14,13699,6,0,200000,46,24,12,500,13054,12,500,13054,0
novelty,14,13699,6,0,200000,39,24,8,333,13694,8,333,13694,3
objective,14,13699,6,0,201323,55,24,12,500,14157,12,500,14157,6
quality_diversity,14,13699,6,0,201323,55,24,12,500,14157,12,500,14157,6
minimal_criterion,15,14676,6,0,125149,36,24,18,750,7961,18,750,9059,8
novelty,15,14676,6,0,194698,16,24,10,416,9735,10,416,9850,0
objective,15,14676,6,0,194698,0,24,0,0,0,0,0,0,0
quality_diversity,15,14676,6,1,194698,16,24,3,125,9768,3,125,9783,0
minimal_criterion,16,15653,6,0,184540,35,24,12,500,15443,12,500,15443,4
novelty,16,15653,6,0,194216,43,24,12,500,12611,12,500,12611,0
objective,16,15653,6,0,194713,0,24,0,0,0,0,0,0,0
quality_diversity,16,15653,6,0,194713,7,24,4,166,15078,4,166,15078,0
minimal_criterion,17,16630,6,2,192338,31,24,20,833,6477,20,833,6477,7
novelty,17,16630,6,2,186431,23,24,8,333,6201,8,333,6201,6
objective,17,16630,6,0,198248,8,24,9,375,4671,9,375,5409,0
quality_diversity,17,16630,6,0,198248,8,24,9,375,4671,9,375,5409,0
minimal_criterion,18,17607,6,2,200000,24,24,16,666,16332,16,666,17652,4
novelty,18,17607,6,2,184031,14,24,16,666,14834,16,666,14886,0
objective,18,17607,6,0,194672,0,24,0,0,0,0,0,0,0
quality_diversity,18,17607,6,0,194672,0,24,0,0,0,0,0,0,0
minimal_criterion,19,18584,6,0,200000,44,24,18,750,10274,18,750,10724,8
novelty,19,18584,6,0,189977,35,24,9,375,8542,9,375,8952,3
objective,19,18584,6,0,194679,0,24,3,125,6970,3,125,6970,0
quality_diversity,19,18584,6,0,200000,8,24,3,125,8134,3,125,8960,0
minimal_criterion,20,19561,6,0,177065,52,24,24,1000,11759,24,1000,11759,0
novelty,20,19561,6,0,184068,30,24,16,666,15892,16,666,17187,10
objective,20,19561,6,0,194672,0,24,0,0,0,0,0,0,0
quality_diversity,20,19561,6,0,194672,0,24,0,0,0,0,0,0,0
minimal_criterion,21,20538,6,2,170157,31,24,12,500,6103,12,500,6103,16
novelty,21,20538,6,0,184049,23,24,8,333,6214,8,333,6214,16
objective,21,20538,6,0,194672,0,24,0,0,0,0,0,0,0
quality_diversity,21,20538,6,0,197359,1,24,0,0,0,0,0,0,0
minimal_criterion,22,21515,6,0,153288,44,24,15,625,29996,15,625,29997,4
novelty,22,21515,6,0,184081,22,24,9,375,27057,9,375,27057,1
objective,22,21515,6,0,194672,0,24,0,0,0,0,0,0,0
quality_diversity,22,21515,6,0,194672,15,24,7,291,45121,6,250,45123,5
minimal_criterion,23,22492,6,0,194466,39,24,12,500,5729,12,500,5729,15
novelty,23,22492,6,0,194466,16,24,10,416,4125,10,416,4125,0
objective,23,22492,6,0,197333,8,24,4,166,3471,4,166,3471,0
quality_diversity,23,22492,6,0,196798,16,24,8,333,4942,8,333,4942,1
